hash,files
ae97d56ef0006e32,./cpython/InternalDocs/images/python-cyclic-gc-4-new-page.png
ae97dd6ad0006e36,./cpython/InternalDocs/images/python-cyclic-gc-3-new-page.png
9f8fde28d040653d,./cpython/InternalDocs/images/python-cyclic-gc-2-new-page.png
8f8fdf28d040653d,./cpython/InternalDocs/images/python-cyclic-gc-1-new-page.png
abd7d52bc0003bb9,./cpython/InternalDocs/images/python-cyclic-gc-5-new-page.png
8f315a96a865adc6,./cpython/PC/icons/logox128.png
874c5a2b7cd532a5,./cpython/PC/icons/py.png
814c1f6a7f4d321d,"./cpython/PC/icons/pythonwx150.png, ./cpython/PC/icons/pythonwx44.png"
916c52ae5595726d,./cpython/PC/icons/pythonx44.png
916d52ae5595626d,./cpython/PC/icons/pythonx150.png
c14e5aab6dc432e6,./cpython/PC/icons/idlex44.png
c0da5bad69d526c8,./cpython/PC/icons/idlex150.png
916457ae5195726d,./cpython/PC/icons/pythonx50.png
bf26c0d09b1f2627,./cpython/Mac/BuildScript/resources/background.jpg
be99d966854a8ce1,./cpython/Objects/object_layout_313.png
e9ed96908c9cf28c,./cpython/Objects/object_layout_full_312.png
edecd6908c8cf28c,./cpython/Objects/object_layout_full_313.png
f69d42a1d9e67308,./cpython/Objects/object_layout_312.png
87644b8e3647b5c9,"./cpython/Lib/test/test_email/data/python.bmp, ./cpython/Lib/test/test_email/data/python.png, ./cpython/Lib/test/tkinterdata/python.png"
87744b8e3607b5c9,./cpython/Lib/test/test_email/data/python.jpg
85614a8e3ce7b5c9,"./cpython/Lib/test/test_email/data/python.gif, ./cpython/Lib/test/tkinterdata/python.gif, ./cpython/Lib/idlelib/Icons/python.gif"
a525f0d39792341f,./cpython/Lib/profiling/sampling/_assets/python-logo-only.png
e1b047495e4e3ac7,./cpython/Lib/profiling/sampling/_assets/tachyon-logo.png
c0da5ba86bd527a4,"./cpython/Lib/idlelib/Icons/idle_48.gif, ./cpython/Lib/idlelib/Icons/idle_48.png"
c14c5bab3dd4326c,./cpython/Lib/idlelib/Icons/idle_32.gif
d1c05ec03aec2bdd,./cpython/Lib/idlelib/Icons/idle_16.gif
8200280020008200,./cpython/Lib/idlelib/Icons/minusnode.gif
c05a5bad69d526e8,./cpython/Lib/idlelib/Icons/idle_256.png
a200880020008200,./cpython/Lib/idlelib/Icons/plusnode.gif
d1c056923aeb2bd5,./cpython/Lib/idlelib/Icons/idle_16.png
d5a22aa23f913f91,./cpython/Lib/idlelib/Icons/folder.gif
d817167db351a98a,./cpython/Lib/idlelib/Icons/tk.gif
d5ad3eca39953091,./cpython/Lib/idlelib/Icons/openfolder.gif
c04c5fa93dd4326e,./cpython/Lib/idlelib/Icons/idle_32.png
85314ade3c65b58e,./cpython/Doc/_static/og-image.png
f9e2e31b801c6dc6,./cpython/Doc/library/hashlib-blake2-tree.png
8778787c789a518e,./cpython/Doc/library/tachyon-heatmap.png
d44c2b4c2bb36f4c,./cpython/Doc/library/pathlib-inheritance.png
8c8e73f30c04d3f3,./cpython/Doc/library/tk_msg.png
c5943a6be29ca9e1,./cpython/Doc/library/tachyon-flamegraph.png
b5b04b6466b9196e,./cpython/Doc/library/kde_example.png
c4d9c9cc6b242f36,./cpython/Doc/library/tachyon-live-mode-2.gif
98c64739d629c7f0,./cpython/Doc/library/tachyon-gecko-calltree.png
c09d679b9a2e1d1c,./cpython/Doc/library/tachyon-pstats.png
d4cccbc80f2f2437,./cpython/Doc/library/tachyon-live-mode-1.gif
e262918d16f6d98b,./cpython/Doc/library/turtle-star.png
80788778876f786e,./cpython/Doc/library/tachyon-heatmap-with-opcodes.png
80df2ac0dfc701db,./cpython/Doc/library/tachyon-gecko-flamegraph.png
e23e9ce3c38143b6,./cpython/Doc/library/tachyon-gecko-opcodes.png
95946ac12f3f3a58,./cpython/Doc/using/mac_installer_05_custom_install.png
959c62c12f9e3ee0,./cpython/Doc/using/mac_installer_04_installation_type.png
957f422a2a2a3a3f,./cpython/Doc/using/mac_installer_08_install_certificates.png
959c6ac13f9c7a60,./cpython/Doc/using/mac_installer_01_introduction.png
95946ac12f3f3e18,./cpython/Doc/using/mac_installer_09_custom_install_free_threaded.png
94956ac12f1e3a7a,./cpython/Doc/using/mac_installer_06_summary.png
852f6a700f4f7cc8,./cpython/Doc/using/win_install_freethreaded.png
95856ac02f8f7af0,./cpython/Doc/using/win_installer.png
95916ac42f957ec4,./cpython/Doc/using/mac_installer_03_license.png
84917b856a6a3f2e,./cpython/Doc/using/mac_installer_07_applications.png
95946ac12f2e3e3c,./cpython/Doc/using/mac_installer_02_readme.png
af6d9424366944f6,./cpython/Doc/howto/logging_flow.png
b630838b3c3e66c7,./cpython/Tools/msi/bundle/SideBar.png
a564f0c312341fdf,./cpython/Platforms/Android/testbed/app/src/main/res/drawable-xxhdpi/ic_launcher.png
e7205d96f09f816c,./requests/docs/_static/requests-sidebar.png
e7205d86709fe1ac,"./requests/ext/requests-logo.png, ./requests/ext/requests-logo-compressed.png"
0000000000000000,./requests/ext/kr.png
ab07d4f82807c7f8,./requests/ext/psf.png
